/*
Navicat MySQL Data Transfer

Source Server         : local-8
Source Server Version : 80034
Source Host           : localhost:3307
Source Database       : jeet

Target Server Type    : MYSQL
Target Server Version : 80034
File Encoding         : 65001

Date: 2023-09-28 18:02:22
*/

SET FOREIGN_KEY_CHECKS=0;

-- ----------------------------
-- Table structure for `course_bank_attachment`
-- ----------------------------
DROP TABLE IF EXISTS `course_bank_attachment`;
CREATE TABLE `course_bank_attachment` (
  `id` bigint NOT NULL,
  `name` varchar(255) CHARACTER SET utf8mb4 COLLATE utf8mb4_bin DEFAULT NULL,
  `bank_id` bigint DEFAULT NULL,
  `ext_name` varchar(30) CHARACTER SET utf8mb4 COLLATE utf8mb4_bin DEFAULT NULL,
  `url` varchar(255) CHARACTER SET utf8mb4 COLLATE utf8mb4_bin DEFAULT NULL,
  `del_flag` char(1) CHARACTER SET utf8mb4 COLLATE utf8mb4_bin DEFAULT NULL,
  `create_by` bigint DEFAULT NULL,
  `create_time` datetime DEFAULT NULL,
  `update_by` bigint DEFAULT NULL,
  `update_time` datetime DEFAULT NULL,
  PRIMARY KEY (`id`)
) ENGINE=InnoDB DEFAULT CHARSET=utf8mb4 COLLATE=utf8mb4_bin;

-- ----------------------------
-- Records of course_bank_attachment
-- ----------------------------
INSERT INTO `course_bank_attachment` VALUES ('1564474125320230', 'apache-maven-3', '1564474123223078', '6', 'http://192.168.245.128:9000/course/apache-maven-3', '1', '1', '2023-08-22 14:03:17', null, null);
INSERT INTO `course_bank_attachment` VALUES ('1564628658159654', 'winhex', '1564474123223078', 'zip', 'http://192.168.202.232:9000/course/1564628658159654', '1', '1', '2023-08-23 10:31:25', null, null);
INSERT INTO `course_bank_attachment` VALUES ('1564633427083302', '2', '1564474123223078', 'zip', 'http://192.168.202.232:9000/course/1564633427083302', '1', '1', '2023-08-23 11:09:18', null, null);
INSERT INTO `course_bank_attachment` VALUES ('1564635060764710', '22', '1564474123223078', 'zip', 'http://192.168.202.232:9000/course/1564635060764710', '1', '1', '2023-08-23 11:22:20', null, null);
INSERT INTO `course_bank_attachment` VALUES ('1564637359243302', '222', '1564474123223078', 'zip', 'http://192.168.202.232:9000/course/1564637359243302', '1', '1', '2023-08-23 11:40:33', null, null);
INSERT INTO `course_bank_attachment` VALUES ('1564657932304422', '2', '1564474123223078', 'zip', 'http://192.168.202.232:9000/course/1564657932304422', '1', '1', '2023-08-23 14:24:02', null, null);
INSERT INTO `course_bank_attachment` VALUES ('1564797730553894', '222', '1564474123223078', 'zip', 'http://192.168.202.232:9000/course/1564797730553894', '0', '1', '2023-08-24 08:55:03', null, null);
INSERT INTO `course_bank_attachment` VALUES ('1568420606771238', 'DVD2', '1563712745898022', 'zip', 'http://192.168.202.232:9000/course/1568420606771238', '0', '1', '2023-09-13 08:47:06', null, null);

-- ----------------------------
-- Table structure for `course_choose_bank`
-- ----------------------------
DROP TABLE IF EXISTS `course_choose_bank`;
CREATE TABLE `course_choose_bank` (
  `id` bigint NOT NULL,
  `title` varchar(255) CHARACTER SET utf8mb4 COLLATE utf8mb4_bin DEFAULT NULL,
  `options` text CHARACTER SET utf8mb4 COLLATE utf8mb4_bin,
  `answer` varchar(20) CHARACTER SET utf8mb4 COLLATE utf8mb4_bin DEFAULT NULL,
  `type` char(1) CHARACTER SET utf8mb4 COLLATE utf8mb4_bin DEFAULT NULL COMMENT '0单选   1多选',
  `struct_id` bigint DEFAULT NULL,
  `del_flag` char(1) CHARACTER SET utf8mb4 COLLATE utf8mb4_bin DEFAULT NULL,
  `status` char(1) CHARACTER SET utf8mb4 COLLATE utf8mb4_bin DEFAULT NULL,
  `create_by` bigint DEFAULT NULL,
  `create_time` datetime DEFAULT NULL,
  `update_by` bigint DEFAULT NULL,
  `update_time` datetime DEFAULT NULL,
  `remark` varchar(255) CHARACTER SET utf8mb4 COLLATE utf8mb4_bin DEFAULT NULL,
  PRIMARY KEY (`id`)
) ENGINE=InnoDB DEFAULT CHARSET=utf8mb4 COLLATE=utf8mb4_bin;

-- ----------------------------
-- Records of course_choose_bank
-- ----------------------------
INSERT INTO `course_choose_bank` VALUES ('1563371715428390', 'mybatis的作用', 0x7B226F7074696F6E31223A2231222C226F7074696F6E32223A22E8AEBFE997AEE695B0E68DAEE5BA93222C226F7074696F6E33223A22E4BFAEE694B9E695B0E68DAEE5BA93222C226F7074696F6E34223A2231227D, 'B,C', '1', '1563360264978470', '0', '0', '1', '2023-08-16 12:02:06', null, null, null);
INSERT INTO `course_choose_bank` VALUES ('1563372095012902', '1', 0x7B226F7074696F6E31223A2231222C226F7074696F6E32223A2231222C226F7074696F6E33223A2231222C226F7074696F6E34223A2231227D, 'B', '0', '1563360264978470', '1', '0', '1', '2023-08-16 12:05:08', null, null, null);
INSERT INTO `course_choose_bank` VALUES ('1563372227133478', '1', 0x7B226F7074696F6E31223A2231222C226F7074696F6E32223A2231222C226F7074696F6E33223A2231222C226F7074696F6E34223A2231227D, 'C', '0', '1563360264978470', '1', '0', '1', '2023-08-16 12:06:10', null, null, null);
INSERT INTO `course_choose_bank` VALUES ('1563540133511206', 'mybatis plus是什么', 0x7B226F7074696F6E31223A226F726DE6A186E69EB6222C226F7074696F6E32223A226D796261746973E79A84E5A29EE5BCBA222C226F7074696F6E33223A226F6F70E7BC96E7A88BE8AFADE8A880222C226F7074696F6E34223A22E9809AE794A86D6170706572E696B9E6B395E79A846D796261746973E68F92E4BBB6227D, 'B,D', '1', '1563360332087334', '0', '0', '1', '2023-08-17 10:20:34', null, null, '题目描述');
INSERT INTO `course_choose_bank` VALUES ('1563540301283366', 'mybatis是什么', 0x7B226F7074696F6E31223A22E695B0E68DAEE5BA93E8AEBFE997AEE6A186E69EB6222C226F7074696F6E32223A226A646263E9A9B1E58AA8222C226F7074696F6E33223A22E5AFB9E8B1A1E4BFAEE694B9E79A84E696B9E6B395222C226F7074696F6E34223A22E6B58BE8AF95E5B7A5E585B7227D, 'A', '0', '1563360296435750', '0', '0', '1', '2023-08-17 10:21:54', null, null, '题目描述');
INSERT INTO `course_choose_bank` VALUES ('1563540360003622', 'oop是什么意思', 0x7B226F7074696F6E31223A22E99DA2E59091E5AFB9E8B1A1E7BC96E7A88B222C226F7074696F6E32223A226F6F7031222C226F7074696F6E33223A2234222C226F7074696F6E34223A2235227D, 'A', '0', '1563360296435750', '0', '0', '1', '2023-08-17 10:22:23', null, null, '题目描述');
INSERT INTO `course_choose_bank` VALUES ('1567371535843366', '面向对象的三大特性', 0x7B226F7074696F6E31223A22E5B081E8A385222C226F7074696F6E32223A22E7BBA7E689BF222C226F7074696F6E33223A22E5A49AE68081222C226F7074696F6E34223A22E68ABDE8B1A1227D, 'A,B,C', '1', '1563360296435750', '0', '0', '1', '2023-09-07 13:49:50', null, null, null);
INSERT INTO `course_choose_bank` VALUES ('1567371793793062', '事务的四大特性', 0x7B226F7074696F6E31223A22E58E9FE5AD90E680A7222C226F7074696F6E32223A22E99A94E7A6BBE680A7222C226F7074696F6E33223A22E4B880E887B4E680A7222C226F7074696F6E34223A22E68C81E4B985E680A7227D, 'A,B,C,D', '1', '1563360264978470', '0', '0', '1', '2023-09-07 13:51:53', null, null, null);

-- ----------------------------
-- Table structure for `course_content`
-- ----------------------------
DROP TABLE IF EXISTS `course_content`;
CREATE TABLE `course_content` (
  `id` bigint NOT NULL,
  `struct_id` bigint DEFAULT NULL,
  `name` varchar(100) COLLATE utf8mb4_bin DEFAULT NULL,
  `desc` varchar(2000) COLLATE utf8mb4_bin DEFAULT NULL,
  `create_by` bigint DEFAULT NULL,
  `create_time` datetime DEFAULT NULL,
  PRIMARY KEY (`id`)
) ENGINE=InnoDB DEFAULT CHARSET=utf8mb4 COLLATE=utf8mb4_bin;

-- ----------------------------
-- Records of course_content
-- ----------------------------
INSERT INTO `course_content` VALUES ('1565533090611238', '1563360311115814', '第一章', 'sqlSessionFactory讲解', '1', '2023-08-28 10:19:10');
INSERT INTO `course_content` VALUES ('1565883566653478', '1563360264978470', 'mybatis', '项目内容描述信息', '1', '2023-08-30 08:44:31');
INSERT INTO `course_content` VALUES ('1565883591819302', '1563360332087334', '第一节', '123123', '1', '2023-08-30 08:44:42');
INSERT INTO `course_content` VALUES ('1565883916877862', '1563360296435750', 'mybatils入门', null, '1', '2023-08-30 08:47:17');
INSERT INTO `course_content` VALUES ('1567152951787590', null, null, null, '1', '2023-09-06 08:52:41');
INSERT INTO `course_content` VALUES ('1567153465589798', null, null, null, '1', '2023-09-06 08:56:46');
INSERT INTO `course_content` VALUES ('1567153473978406', null, null, null, '1', '2023-09-06 08:56:50');
INSERT INTO `course_content` VALUES ('1567153503338534', null, null, null, '1', '2023-09-06 08:57:03');
INSERT INTO `course_content` VALUES ('1567154522554406', null, null, null, '1', '2023-09-06 09:05:09');
INSERT INTO `course_content` VALUES ('1567154533040166', null, null, null, '1', '2023-09-06 09:05:14');
INSERT INTO `course_content` VALUES ('1568280007409702', '1568279988535334', 'request请求组件的介绍', '学习request组件的原理和基本使用', '1', '2023-09-12 14:09:42');
INSERT INTO `course_content` VALUES ('1568280009506854', '1568279942397990', 'request模块的使用', null, '1', '2023-09-12 14:09:44');
INSERT INTO `course_content` VALUES ('1568280011604006', '1568279902552102', '爬虫', null, '1', '2023-09-12 14:09:45');
INSERT INTO `course_content` VALUES ('1568280013701158', '1568279860609062', 'python', null, '1', '2023-09-12 14:09:45');
INSERT INTO `course_content` VALUES ('1570091089002534', '1570090092855334', '第二节', null, '1', '2023-09-22 14:02:54');

-- ----------------------------
-- Table structure for `course_content_bank`
-- ----------------------------
DROP TABLE IF EXISTS `course_content_bank`;
CREATE TABLE `course_content_bank` (
  `id` bigint NOT NULL,
  `content_id` bigint DEFAULT NULL,
  `bank_id` bigint DEFAULT NULL,
  `type` char(1) COLLATE utf8mb4_bin DEFAULT NULL,
  `create_time` datetime DEFAULT NULL,
  PRIMARY KEY (`id`)
) ENGINE=InnoDB DEFAULT CHARSET=utf8mb4 COLLATE=utf8mb4_bin;

-- ----------------------------
-- Records of course_content_bank
-- ----------------------------
INSERT INTO `course_content_bank` VALUES ('1565533090611302', '1565533090611238', '1563416665784358', '0', '2023-08-28 10:19:10');
INSERT INTO `course_content_bank` VALUES ('1565533090611334', '1565533090611238', '1563416625938470', '0', '2023-08-28 10:19:10');
INSERT INTO `course_content_bank` VALUES ('1565533090611366', '1565533090611238', '1563712867532838', '2', '2023-08-28 10:19:10');
INSERT INTO `course_content_bank` VALUES ('1565883952529446', '1565883566653478', '1563416665784358', '0', '2023-08-30 08:47:35');
INSERT INTO `course_content_bank` VALUES ('1565884099330086', '1565883566653478', '1563540360003622', '1', '2023-08-30 08:48:44');
INSERT INTO `course_content_bank` VALUES ('1565884099330118', '1565883566653478', '1563540301283366', '1', '2023-08-30 08:48:44');
INSERT INTO `course_content_bank` VALUES ('1565884099330150', '1565883566653478', '1563540133511206', '1', '2023-08-30 08:48:44');
INSERT INTO `course_content_bank` VALUES ('1565884441165958', '1565883566653478', '1564474123223078', '2', '2023-08-30 08:51:27');
INSERT INTO `course_content_bank` VALUES ('1565884441166022', '1565883566653478', '1563762591006758', '2', '2023-08-30 08:51:27');
INSERT INTO `course_content_bank` VALUES ('1565884441166086', '1565883566653478', '1563712745898022', '2', '2023-08-30 08:51:27');
INSERT INTO `course_content_bank` VALUES ('1565885602988070', '1565533090611238', '1563540133511206', '1', '2023-08-30 09:00:42');
INSERT INTO `course_content_bank` VALUES ('1566245388288038', '1565883566653478', '1563416625938470', '0', '2023-09-01 08:40:01');
INSERT INTO `course_content_bank` VALUES ('1566245388288070', '1565883566653478', '1563416600772646', '0', '2023-09-01 08:40:01');
INSERT INTO `course_content_bank` VALUES ('1566245388288102', '1565883566653478', '1563416573509670', '0', '2023-09-01 08:40:01');
INSERT INTO `course_content_bank` VALUES ('1567152951787558', null, '1563416625938470', '0', '2023-09-06 08:52:40');
INSERT INTO `course_content_bank` VALUES ('1567154973442086', '1565883566653478', '1566793141321766', '3', '2023-09-06 09:08:45');
INSERT INTO `course_content_bank` VALUES ('1567367712735270', '1565883566653478', '1567367626752038', '0', '2023-09-07 13:19:27');
INSERT INTO `course_content_bank` VALUES ('1567367712735302', '1565883566653478', '1567367530283046', '0', '2023-09-07 13:19:27');
INSERT INTO `course_content_bank` VALUES ('1567371347099686', '1565883566653478', '1563371715428390', '1', '2023-09-07 13:48:20');
INSERT INTO `course_content_bank` VALUES ('1567371827347494', '1565883566653478', '1567371793793062', '1', '2023-09-07 13:52:08');
INSERT INTO `course_content_bank` VALUES ('1567371827347526', '1565883566653478', '1567371535843366', '1', '2023-09-07 13:52:08');
INSERT INTO `course_content_bank` VALUES ('1568068710957094', '1565883566653478', '1566793239887910', '3', '2023-09-11 10:10:28');
INSERT INTO `course_content_bank` VALUES ('1569209408552998', '1565883916877862', '1563540360003622', '1', '2023-09-17 17:15:56');

-- ----------------------------
-- Table structure for `course_content_video`
-- ----------------------------
DROP TABLE IF EXISTS `course_content_video`;
CREATE TABLE `course_content_video` (
  `id` bigint NOT NULL,
  `content_id` bigint DEFAULT NULL,
  `url` varchar(255) COLLATE utf8mb4_bin DEFAULT NULL,
  `name` varchar(100) COLLATE utf8mb4_bin DEFAULT NULL,
  `ext` varchar(20) COLLATE utf8mb4_bin DEFAULT NULL,
  `create_by` bigint DEFAULT NULL,
  `create_time` datetime DEFAULT NULL,
  PRIMARY KEY (`id`)
) ENGINE=InnoDB DEFAULT CHARSET=utf8mb4 COLLATE=utf8mb4_bin;

-- ----------------------------
-- Records of course_content_video
-- ----------------------------
INSERT INTO `course_content_video` VALUES ('1568619555192870', '1565883566653478', 'http://192.168.202.232:9000/course/videos/1568619555192870/1568619555192870.m3u8', '75d2a7cdd99d493961c3e8142b23890d', 'mp4', '1', '2023-09-14 11:08:25');
INSERT INTO `course_content_video` VALUES ('1568620647809062', '1565883916877862', 'http://192.168.202.232:9000/course/videos/1568620647809062/1568620647809062.m3u8', '75d2a7cdd99d493961c3e8142b23890d', 'mp4', '1', '2023-09-14 11:16:58');
INSERT INTO `course_content_video` VALUES ('1569530658684966', '1565533090611238', 'http://192.168.202.232:9000/course/videos/1569530658684966/1569530658684966.m3u8', '20230919_113840', 'mp4', '1', '2023-09-19 11:49:05');
INSERT INTO `course_content_video` VALUES ('1570087528038438', '1565883591819302', 'http://192.168.202.232:9000/course/videos/1570087528038438/1570087528038438.m3u8', '20230919_113840', 'mp4', '1', '2023-09-22 13:34:42');
INSERT INTO `course_content_video` VALUES ('1570978681323558', '1570091089002534', 'http://192.168.202.232:9000/course/videos/1570978681323558/1570978681323558.m3u8', '75d2a7cdd99d493961c3e8142b23890d', 'mp4', '1', '2023-09-27 11:36:58');

-- ----------------------------
-- Table structure for `course_practice_record`
-- ----------------------------
DROP TABLE IF EXISTS `course_practice_record`;
CREATE TABLE `course_practice_record` (
  `id` bigint NOT NULL,
  `content_id` bigint DEFAULT NULL,
  `user_id` bigint DEFAULT NULL,
  `number` int DEFAULT NULL COMMENT '练习次数',
  `bank_type` char(1) COLLATE utf8mb4_bin DEFAULT NULL COMMENT '题库类型 0单词 1选择 2项目',
  `score` int DEFAULT NULL,
  `check_status` char(1) COLLATE utf8mb4_bin DEFAULT NULL,
  `comment` text CHARACTER SET utf8mb4 COLLATE utf8mb4_bin,
  `answers` text CHARACTER SET utf8mb4 COLLATE utf8mb4_bin,
  `create_time` datetime DEFAULT NULL,
  PRIMARY KEY (`id`)
) ENGINE=InnoDB DEFAULT CHARSET=utf8mb4 COLLATE=utf8mb4_bin;

-- ----------------------------
-- Records of course_practice_record
-- ----------------------------
INSERT INTO `course_practice_record` VALUES ('1569217209958438', '1565883566653478', '1', '1', '1', '51', '0', null, 0x5B7B2262616E6B4964223A313536333534303336303030333632322C22636F7272656374223A2230222C226F7074696F6E73223A5B226F7074696F6E32225D7D2C7B2262616E6B4964223A313536333534303330313238333336362C22636F7272656374223A2230222C226F7074696F6E73223A5B226F7074696F6E32225D7D2C7B2262616E6B4964223A313536333534303133333531313230362C22636F7272656374223A2230222C226F7074696F6E73223A5B226F7074696F6E32222C226F7074696F6E33225D7D2C7B2262616E6B4964223A313536333337313731353432383339302C22636F7272656374223A2231222C226F7074696F6E73223A5B226F7074696F6E32222C226F7074696F6E33225D7D2C7B2262616E6B4964223A313536373337313739333739333036322C22636F7272656374223A2231222C226F7074696F6E73223A5B226F7074696F6E31222C226F7074696F6E32222C226F7074696F6E33222C226F7074696F6E34225D7D2C7B2262616E6B4964223A313536373337313533353834333336362C22636F7272656374223A2231222C226F7074696F6E73223A5B226F7074696F6E31222C226F7074696F6E32222C226F7074696F6E33225D7D5D, '2023-09-17 18:17:55');
INSERT INTO `course_practice_record` VALUES ('1569217300135974', '1565883916877862', '1', '1', '1', '0', '0', null, 0x5B7B2262616E6B4964223A313536333534303336303030333632322C22636F7272656374223A2230222C226F7074696F6E73223A5B226F7074696F6E32225D7D5D, '2023-09-17 18:18:38');
INSERT INTO `course_practice_record` VALUES ('1569217419673638', '1565883916877862', '1', '2', '1', '0', '0', null, 0x5B7B2262616E6B4964223A313536333534303336303030333632322C22636F7272656374223A2230222C226F7074696F6E73223A5B226F7074696F6E34225D7D5D, '2023-09-17 18:19:36');
INSERT INTO `course_practice_record` VALUES ('1569217444839462', '1565533090611238', '1', '1', '1', '0', '0', null, 0x5B7B2262616E6B4964223A313536333534303133333531313230362C22636F7272656374223A2230222C226F7074696F6E73223A5B226F7074696F6E33222C226F7074696F6E32225D7D5D, '2023-09-17 18:19:48');
INSERT INTO `course_practice_record` VALUES ('1569217476296742', '1565883916877862', '1', '3', '1', '0', '0', null, 0x5B7B2262616E6B4964223A313536333534303336303030333632322C22636F7272656374223A2230222C226F7074696F6E73223A5B226F7074696F6E32225D7D5D, '2023-09-17 18:20:02');
INSERT INTO `course_practice_record` VALUES ('1569217522434086', '1565883566653478', '1', '2', '1', '51', '0', null, 0x5B7B2262616E6B4964223A313536333534303336303030333632322C22636F7272656374223A2230222C226F7074696F6E73223A5B226F7074696F6E32225D7D2C7B2262616E6B4964223A313536333534303330313238333336362C22636F7272656374223A2230222C226F7074696F6E73223A5B226F7074696F6E32225D7D2C7B2262616E6B4964223A313536333534303133333531313230362C22636F7272656374223A2230222C226F7074696F6E73223A5B226F7074696F6E31222C226F7074696F6E32222C226F7074696F6E33225D7D2C7B2262616E6B4964223A313536333337313731353432383339302C22636F7272656374223A2231222C226F7074696F6E73223A5B226F7074696F6E32222C226F7074696F6E33225D7D2C7B2262616E6B4964223A313536373337313739333739333036322C22636F7272656374223A2231222C226F7074696F6E73223A5B226F7074696F6E31222C226F7074696F6E32222C226F7074696F6E33222C226F7074696F6E34225D7D2C7B2262616E6B4964223A313536373337313533353834333336362C22636F7272656374223A2231222C226F7074696F6E73223A5B226F7074696F6E31222C226F7074696F6E32222C226F7074696F6E33225D7D5D, '2023-09-17 18:20:24');
INSERT INTO `course_practice_record` VALUES ('1569217539211302', '1565883916877862', '1', '4', '1', '100', '0', null, 0x5B7B2262616E6B4964223A313536333534303336303030333632322C22636F7272656374223A2231222C226F7074696F6E73223A5B226F7074696F6E31225D7D5D, '2023-09-17 18:20:32');
INSERT INTO `course_practice_record` VALUES ('1569219726540838', '1565883566653478', '1', '3', '1', '0', '0', null, 0x5B7B2262616E6B4964223A313536333534303336303030333632322C22636F7272656374223A2230222C226F7074696F6E73223A5B5D7D2C7B2262616E6B4964223A313536333534303330313238333336362C22636F7272656374223A2230222C226F7074696F6E73223A5B5D7D2C7B2262616E6B4964223A313536333534303133333531313230362C22636F7272656374223A2230222C226F7074696F6E73223A5B5D7D2C7B2262616E6B4964223A313536333337313731353432383339302C22636F7272656374223A2230222C226F7074696F6E73223A5B5D7D2C7B2262616E6B4964223A313536373337313739333739333036322C22636F7272656374223A2230222C226F7074696F6E73223A5B5D7D2C7B2262616E6B4964223A313536373337313533353834333336362C22636F7272656374223A2230222C226F7074696F6E73223A5B5D7D5D, '2023-09-17 18:37:56');
INSERT INTO `course_practice_record` VALUES ('1569219757998118', '1565883916877862', '1', '5', '1', '0', '0', null, 0x5B7B2262616E6B4964223A313536333534303336303030333632322C22636F7272656374223A2230222C226F7074696F6E73223A5B226F7074696F6E32225D7D5D, '2023-09-17 18:38:10');
INSERT INTO `course_practice_record` VALUES ('1569219789455398', '1565883566653478', '1', '4', '1', '17', '0', null, 0x5B7B2262616E6B4964223A313536333534303336303030333632322C22636F7272656374223A2230222C226F7074696F6E73223A5B226F7074696F6E32225D7D2C7B2262616E6B4964223A313536333534303330313238333336362C22636F7272656374223A2230222C226F7074696F6E73223A5B226F7074696F6E32225D7D2C7B2262616E6B4964223A313536333534303133333531313230362C22636F7272656374223A2230222C226F7074696F6E73223A5B226F7074696F6E32222C226F7074696F6E33225D7D2C7B2262616E6B4964223A313536333337313731353432383339302C22636F7272656374223A2231222C226F7074696F6E73223A5B226F7074696F6E32222C226F7074696F6E33225D7D2C7B2262616E6B4964223A313536373337313739333739333036322C22636F7272656374223A2230222C226F7074696F6E73223A5B226F7074696F6E32225D7D2C7B2262616E6B4964223A313536373337313533353834333336362C22636F7272656374223A2230222C226F7074696F6E73223A5B226F7074696F6E32225D7D5D, '2023-09-17 18:38:25');
INSERT INTO `course_practice_record` VALUES ('1569219802038310', '1565883916877862', '1', '6', '1', '100', '0', null, 0x5B7B2262616E6B4964223A313536333534303336303030333632322C22636F7272656374223A2231222C226F7074696F6E73223A5B226F7074696F6E31225D7D5D, '2023-09-17 18:38:31');

-- ----------------------------
-- Table structure for `course_project_bank`
-- ----------------------------
DROP TABLE IF EXISTS `course_project_bank`;
CREATE TABLE `course_project_bank` (
  `id` bigint NOT NULL,
  `name` varchar(255) CHARACTER SET utf8mb4 COLLATE utf8mb4_bin NOT NULL,
  `status` char(1) CHARACTER SET utf8mb4 COLLATE utf8mb4_bin NOT NULL,
  `struct_id` bigint NOT NULL,
  `details` longtext CHARACTER SET utf8mb4 COLLATE utf8mb4_bin NOT NULL,
  `del_flag` char(1) CHARACTER SET utf8mb4 COLLATE utf8mb4_bin NOT NULL,
  `create_by` bigint NOT NULL,
  `create_time` datetime NOT NULL,
  `update_by` bigint DEFAULT NULL,
  `update_time` datetime DEFAULT NULL,
  `remark` varchar(255) CHARACTER SET utf8mb4 COLLATE utf8mb4_bin DEFAULT NULL,
  PRIMARY KEY (`id`)
) ENGINE=InnoDB DEFAULT CHARSET=utf8mb4 COLLATE=utf8mb4_bin;

-- ----------------------------
-- Records of course_project_bank
-- ----------------------------

-- ----------------------------
-- Table structure for `course_simple_bank`
-- ----------------------------
DROP TABLE IF EXISTS `course_simple_bank`;
CREATE TABLE `course_simple_bank` (
  `id` bigint NOT NULL,
  `name` varchar(255) CHARACTER SET utf8mb4 COLLATE utf8mb4_bin DEFAULT NULL,
  `details` text CHARACTER SET utf8mb4 COLLATE utf8mb4_bin,
  `status` char(1) CHARACTER SET utf8mb4 COLLATE utf8mb4_bin DEFAULT NULL,
  `struct_id` bigint DEFAULT NULL,
  `remark` varchar(255) CHARACTER SET utf8mb4 COLLATE utf8mb4_bin DEFAULT NULL,
  `del_flag` char(1) CHARACTER SET utf8mb4 COLLATE utf8mb4_bin DEFAULT NULL,
  `create_time` datetime DEFAULT NULL,
  PRIMARY KEY (`id`)
) ENGINE=InnoDB DEFAULT CHARSET=utf8mb4 COLLATE=utf8mb4_bin;

-- ----------------------------
-- Records of course_simple_bank
-- ----------------------------

-- ----------------------------
-- Table structure for `course_structure`
-- ----------------------------
DROP TABLE IF EXISTS `course_structure`;
CREATE TABLE `course_structure` (
  `struct_id` bigint NOT NULL,
  `struct_name` varchar(100) CHARACTER SET utf8mb4 COLLATE utf8mb4_bin NOT NULL,
  `type` char(1) CHARACTER SET utf8mb4 COLLATE utf8mb4_bin NOT NULL COMMENT '体系类型：1代表课程    2代表模块    3代表章   4代表节',
  `order_num` int NOT NULL,
  `parent_id` bigint NOT NULL,
  `create_time` datetime NOT NULL,
  `create_by` bigint NOT NULL,
  `update_time` datetime DEFAULT NULL,
  `update_by` bigint DEFAULT NULL,
  `remark` varchar(255) CHARACTER SET utf8mb4 COLLATE utf8mb4_bin DEFAULT NULL,
  `del_flag` char(1) CHARACTER SET utf8mb4 COLLATE utf8mb4_bin NOT NULL,
  PRIMARY KEY (`struct_id`)
) ENGINE=InnoDB DEFAULT CHARSET=utf8mb4 COLLATE=utf8mb4_bin;

-- ----------------------------
-- Records of course_structure
-- ----------------------------
INSERT INTO `course_structure` VALUES ('1563360264978470', 'mybatis', '1', '1', '0', '2023-08-16 10:31:06', '123123', null, null, null, '0');
INSERT INTO `course_structure` VALUES ('1563360296435750', 'mybatils入门', '2', '1', '1563360264978470', '2023-08-16 10:31:21', '123123', null, null, null, '0');
INSERT INTO `course_structure` VALUES ('1563360311115814', '第一章', '3', '1', '1563360296435750', '2023-08-16 10:31:29', '123123', null, null, null, '0');
INSERT INTO `course_structure` VALUES ('1563360332087334', '第一节', '4', '1', '1563360311115814', '2023-08-16 10:31:39', '123123', null, null, null, '0');
INSERT INTO `course_structure` VALUES ('1568279860609062', 'python', '1', '2', '0', '2023-09-12 14:08:32', '123123', null, null, null, '0');
INSERT INTO `course_structure` VALUES ('1568279902552102', '爬虫', '2', '1', '1568279860609062', '2023-09-12 14:08:53', '123123', null, null, null, '0');
INSERT INTO `course_structure` VALUES ('1568279942397990', 'request模块的使用', '3', '1', '1568279902552102', '2023-09-12 14:09:11', '123123', null, null, null, '0');
INSERT INTO `course_structure` VALUES ('1568279988535334', 'request请求组件的介绍', '4', '1', '1568279942397990', '2023-09-12 14:09:33', '123123', null, null, null, '0');
INSERT INTO `course_structure` VALUES ('1570088205418534', '第二节', '4', '2', '1563360311115814', '2023-09-22 13:39:59', '123123', null, null, null, '1');
INSERT INTO `course_structure` VALUES ('1570090092855334', '第二节', '4', '2', '1563360311115814', '2023-09-22 13:54:58', '123123', null, null, null, '0');

-- ----------------------------
-- Table structure for `course_study_question`
-- ----------------------------
DROP TABLE IF EXISTS `course_study_question`;
CREATE TABLE `course_study_question` (
  `id` bigint NOT NULL,
  `content_id` bigint DEFAULT NULL,
  `status` char(1) CHARACTER SET utf8mb4 COLLATE utf8mb4_bin DEFAULT NULL,
  `question_content` varchar(4000) CHARACTER SET utf8mb4 COLLATE utf8mb4_bin DEFAULT NULL,
  `user_id` bigint DEFAULT NULL,
  `create_time` datetime DEFAULT NULL,
  PRIMARY KEY (`id`)
) ENGINE=InnoDB DEFAULT CHARSET=utf8mb4 COLLATE=utf8mb4_bin;

-- ----------------------------
-- Records of course_study_question
-- ----------------------------

-- ----------------------------
-- Table structure for `course_study_rate`
-- ----------------------------
DROP TABLE IF EXISTS `course_study_rate`;
CREATE TABLE `course_study_rate` (
  `id` bigint NOT NULL,
  `struct_id` bigint DEFAULT NULL,
  `content_id` bigint DEFAULT NULL,
  `user_id` bigint DEFAULT NULL,
  `is_play_complete` char(1) CHARACTER SET utf8mb4 COLLATE utf8mb4_bin DEFAULT NULL,
  `study_rate` tinyint DEFAULT NULL,
  `create_time` datetime DEFAULT NULL,
  PRIMARY KEY (`id`)
) ENGINE=InnoDB DEFAULT CHARSET=utf8mb4 COLLATE=utf8mb4_bin;

-- ----------------------------
-- Records of course_study_rate
-- ----------------------------
INSERT INTO `course_study_rate` VALUES ('123123123213', '1563360332087334', '1565883591819302', '1', '1', '100', '2023-09-22 13:37:22');
INSERT INTO `course_study_rate` VALUES ('1570978465316902', '1563360264978470', '1565883566653478', '1', '1', '100', '2023-09-27 11:35:07');
INSERT INTO `course_study_rate` VALUES ('1570978796666918', '1570090092855334', '1570091089002534', '1', '0', '47', '2023-09-27 11:37:46');

-- ----------------------------
-- Table structure for `course_study_reply`
-- ----------------------------
DROP TABLE IF EXISTS `course_study_reply`;
CREATE TABLE `course_study_reply` (
  `id` bigint NOT NULL,
  `reply_content` varchar(4000) CHARACTER SET utf8mb4 COLLATE utf8mb4_bin DEFAULT NULL,
  `reply_id` bigint DEFAULT NULL,
  `question_id` bigint DEFAULT NULL,
  `create_time` datetime DEFAULT NULL,
  PRIMARY KEY (`id`)
) ENGINE=InnoDB DEFAULT CHARSET=utf8mb4 COLLATE=utf8mb4_bin;

-- ----------------------------
-- Records of course_study_reply
-- ----------------------------

-- ----------------------------
-- Table structure for `course_word_bank`
-- ----------------------------
DROP TABLE IF EXISTS `course_word_bank`;
CREATE TABLE `course_word_bank` (
  `id` bigint NOT NULL,
  `zh_name` varchar(255) CHARACTER SET utf8mb4 COLLATE utf8mb4_bin NOT NULL,
  `en_name` varchar(255) CHARACTER SET utf8mb4 COLLATE utf8mb4_bin NOT NULL,
  `sort` int DEFAULT NULL,
  `del_flag` char(1) CHARACTER SET utf8mb4 COLLATE utf8mb4_bin NOT NULL,
  `status` char(1) CHARACTER SET utf8mb4 COLLATE utf8mb4_bin NOT NULL,
  `struct_id` bigint NOT NULL,
  `create_by` bigint NOT NULL,
  `create_time` datetime NOT NULL,
  `update_by` bigint DEFAULT NULL,
  `update_time` datetime DEFAULT NULL,
  `remark` varchar(255) CHARACTER SET utf8mb4 COLLATE utf8mb4_bin DEFAULT NULL,
  PRIMARY KEY (`id`),
  KEY `index_enname` (`en_name`) USING BTREE
) ENGINE=InnoDB DEFAULT CHARSET=utf8mb4 COLLATE=utf8mb4_bin;

-- ----------------------------
-- Records of course_word_bank
-- ----------------------------
INSERT INTO `course_word_bank` VALUES ('1563416573509670', '计算机', 'computer', '1', '0', '0', '1563360264978470', '1', '2023-08-16 17:58:37', null, null, '计算机单词');
INSERT INTO `course_word_bank` VALUES ('1563416600772646', '数字', 'number', '1', '0', '0', '1563360296435750', '1', '2023-08-16 17:58:49', null, null, '数字单词');
INSERT INTO `course_word_bank` VALUES ('1563416625938470', '名字', 'name', '1', '0', '0', '1563360311115814', '1', '2023-08-16 17:59:01', null, null, '名字单词');
INSERT INTO `course_word_bank` VALUES ('1563416665784358', '年龄', 'age', '1', '0', '0', '1563360332087334', '1', '2023-08-16 17:59:20', null, null, '年龄的单词');
INSERT INTO `course_word_bank` VALUES ('1567367530283046', '数据库', 'database', '2', '0', '0', '1563360332087334', '1', '2023-09-07 13:17:59', null, null, null);
INSERT INTO `course_word_bank` VALUES ('1567367626752038', '持久的', 'persistent', '3', '0', '0', '1563360332087334', '1', '2023-09-07 13:18:45', null, null, null);
